,forward,dna variants,amino acid variants,reverse
0,GGTATTCTATTGGATACCCttcTTCGGCTCAGCAGCGTCT,TGG57TTC,W57F,AGACGCTGCTGAGCCGAAgaaGGGTATCCAATAGAATACC
1,CAATGCGAAGTTAAGCGATaagTCTGCTGAAGATGCATAC,GTC112AAG,V112K,GTATGCATCTTCAGCAGActtATCGCTTAACTTCGCATTG
2,TGCGAAGTTAAGCGATGTCattGCTGAAGATGCATACAAA,TCT113ATT,S113I,TTTGTATGCATCTTCAGCaatGACATCGCTTAACTTCGCA
3,GGTATTCGGAAAGGGAGTTggtTACGATTGTCCCAACAGT,ATC131GGT,I131G,ACTGTTGGGACAATCGTAaccAACTCCCTTTCCGAATACC
4,ATTCGGAAAGGGAGTTATCaacGATTGTCCCAACAGTCGT,TAC132AAC,Y132N,ACGACTGTTGGGACAATCgttGATAACTCCCTTTCCGAAT
5,ATTCGGAAAGGGAGTTATCatgGATTGTCCCAACAGTCGT,TAC132ATG,Y132M,ACGACTGTTGGGACAATCcatGATAACTCCCTTTCCGAAT
6,CAGTCGTCTGATGGAGCAGttgAAGTTTGCTAAATTCGCG,AAA143TTG,K143L,CGCGAATTTAGCAAACTTcaaCTGCTCCATCAGACGACTG
7,TTTGGATAAAGGTTTTACTttgATAAATTTCGTGTTCCCA,CCG230TTG,P230L,TGGGAACACGAAATTTATcaaAGTAAAACCTTTATCCAAA
8,ATACAAAGACGGTGTGAAGattACCGACCAGGAGATTGCA,ATG292ATT,M292I,TGCAATCTCCTGGTCGGTaatCTTCACACCGTCTTTGTAT
9,ATACAAAGACGGTGTGAAGagaACCGACCAGGAGATTGCA,ATG292AGA,M292R,TGCAATCTCCTGGTCGGTtctCTTCACACCGTCTTTGTAT
10,GATTGCAAACCTGCTTATAccaATTTTAATGGGTGGACAG,GGT303CCA,G303P,CTGTCCACCCATTAAAATtggTATAAGCAGGTTTGCAATC
11,TTTAATGGGTGGACAGCACcaaTCAGCTTCTACGTCAGCA,ACA311CAA,T311Q,TGCTGACGTAGAAGCTGAttgGTGCTGTCCACCCATTAAA
12,GCAAAAATTGCCGTCAGTCatgAACACGATCAAGGAAACG,AAC363ATG,N363M,CGTTTCCTTGATCGTGTTcatGACTGACGGCAATTTTTGC
13,AACGCTAAGGATGCACATGtgtCTACACAGTATATTCAGA,CCT375TGT,P375C,TCTGAATATACTGTGTAGacaCATGTGCATCCTTAGCGTT
14,GCACATGCCTCTACACAGTaagTTCAGAAAAGTTACTAAC,ATA379AAG,I379K,GTTAGTAACTTTTCTGAActtACTGTGTAGAGGCATGTGC
15,CTCACCATATCTTCCCTTCgttGGCGGTAGACATAGATGT,GGT464GTT,G464V,ACATCTATGTCTACCGCCaacGAAGGGAAGATATGGTGAG
16,ATGTATAGGTGAACAATTTaacTACGTTCAGCTGGGAACC,GCA476AAC,A476N,GGTTCCCAGCTGAACGTAgttAAATTGTTCACCTATACAT
17,AGTCCCTGATCCTGACTATactTCTATGGTTGTTCTACCC,AGC506ACT,S506T,GGGTAGAACAACCATAGAagtATAGTCAGGATCAGGGACT
18,TTGGATACCCTGGTTCGGCtacGCAGCGTCTTATGGTCAA,TCA60TAC,S60Y,TTGACCATAAGACGCTGCgtaGCCGAACCAGGGTATCCAA
19,GTTCGGCTCAGCAGCGTCTtggGGTCAACAACCGTATGAA,TAT64TGG,Y64W,TTCATACGGTTGTTGACCccaAGACGCTGCTGAGCCGAAC
20,TGTTTTTTCCTTTATGCTTttcGGGAAAATAATGACTGTG,CTT88TTC,L88F,CACAGTCATTATTTTCCCgaaAAGCATAAAGGAAAAAACA
21,AACAACTCCGGTATTCGGAcacGGAGTTATCTACGATTGT,AAG128CAC,K128H,ACAATCGTAGATAACTCCgtgTCCGAATACCGGAGTTGTT
22,TCCGGTATTCGGAAAGGGAttgATCTACGATTGTCCCAAC,GTT130TTG,V130L,GTTGGGACAATCGTAGATcaaTCCCTTTCCGAATACCGGA
23,GATGGAGCAGAAAAAGTTTcacAAATTCGCGCTTACTACG,GCT146CAC,A146H,CGTAGTAAGCGCGAATTTgtgAAACTTTTTCTGCTCCATC
24,CAGAGACTTGATTGATTCTagaCTGATTCATAGCACATAC,CTG280AGA,L280R,GTATGTGCTATGAATCAGtctAGAATCAATCAAGTCTCTG
25,GGAGATTGCAAACCTGCTTgctGGTATTTTAATGGGTGGA,ATA302GCT,I302A,TCCACCCATTAAAATACCagcAAGCAGGTTTGCAATCTCC
26,CTCACCATATCTTCCCTTCtggGGCGGTAGACATAGATGT,GGT464TGG,G464W,ACATCTATGTCTACCGCCccaGAAGGGAAGATATGGTGAG
27,TCCCTTCGGTGGCGGTAGAatgAGATGTATAGGTGAACAA,CAT468ATG,H468M,TTGTTCACCTATACATCTcatTCTACCGCCACCGAAGGGA
28,AGTCCCTGATCCTGACTATgttTCTATGGTTGTTCTACCC,AGC506GTT,S506V,GGGTAGAACAACCATAGAaacATAGTCAGGATCAGGGACT
29,AAAGGGTCACGAATTTGTCgctAATGCGAAGTTAAGCGAT,TTC105GCT,F105A,ATCGCTTAACTTCGCATTagcGACAAATTCGTGACCCTTT
30,ATTCGCGCTTACTACGGACtggTTCAAAAGGTATGTACCC,TCA154TGG,S154W,GGGTACATACCTTTTGAAccaGTCCGTAGTAAGCGCGAAT
31,TGACCCTAACAGAGACTTGttgGATTCTCTGCTGATTCAT,ATT277TTG,I277L,ATGAATCAGCAGAGAATCcaaCAAGTCTCTGTTAGGGTCA
32,TGGACAGCACACATCAGCTattACGTCAGCATGGTTTCTG,TCT314ATT,S314I,CAGAAACCATGCTGACGTaatAGCTGATGTGTGCTGTCCA
33,ACCATATCTTCCCTTCGGTcaaGGTAGACATAGATGTATA,GGC465CAA,G465Q,TATACATCTATGTCTACCttgACCGAAGGGAAGATATGGT
34,TCTTCCCTTCGGTGGCGGTtctCATAGATGTATAGGTGAA,AGA467TCT,R467S,TTCACCTATACATCTATGagaACCGCCACCGAAGGGAAGA
35,TCCTGACTATAGCTCTATGatgGTTCTACCCACCGAACCG,GTT509ATG,V509M,CGGTTCGGTGGGTAGAACcatCATAGAGCTATAGTCAGGA
36,CTATTGGATACCCTGGTTCaagTCAGCAGCGTCTTATGGT,GGC59AAG,G59K,ACCATAAGACGCTGCTGActtGAACCAGGGTATCCAATAG
37,GGAGCAGAAAAAGTTTGCTtgtTTCGCGCTTACTACGGAC,AAA147TGT,K147C,GTCCGTAGTAAGCGCGAAacaAGCAAACTTTTTCTGCTCC
38,CATTTTTACCGCCAGCAGGgttTTATTTGGCGACGAGATG,TCC203GTT,S203V,CATCTCGTCGCCAAATAAaacCCTGCTGGCGGTAAAAATG
39,AATGGGTGGACAGCACACAagaGCTTCTACGTCAGCATGG,TCA312AGA,S312R,CCATGCTGACGTAGAAGCtctTGTGTGCTGTCCACCCATT
40,ACAATTTGCATACGTTCAGaagGGAACCATATTAACGACG,CTG480AAG,L480K,CGTCGTTAATATGGTTCCcttCTGAACGTATGCAAATTGT
41,TCCTGACTATAGCTCTATGtacGTTCTACCCACCGAACCG,GTT509TAC,V509Y,CGGTTCGGTGGGTAGAACgtaCATAGAGCTATAGTCAGGA
42,AGCAGCGTCTTATGGTCAAttcCCGTATGAATTTTTTGAG,CAA67TTC,Q67F,CTCAAAAAATTCATACGGgaaTTGACCATAAGACGCTGCT
43,TGGCCCAAAGGGTCACGAAttgGTCTTCAATGCGAAGTTA,TTT103TTG,F103L,TAACTTCGCATTGAAGACcaaTTCGTGACCCTTTGGGCCA
44,GTTTGCTAAATTCGCGCTTagaACGGACTCATTCAAAAGG,ACT151AGA,T151R,CCTTTTGAATGAGTCCGTtctAAGCGCGAATTTAGCAAAC
45,TCTGCAAAAATTGCCGTCAtgtAACAACACGATCAAGGAA,GTC362TGT,V362C,TTCCTTGATCGTGTTGTTacaTGACGGCAATTTTTGCAGA
46,AGTATCAAAAGGCGTCAGCagaCCATATCTTCCCTTCGGT,TCA458AGA,S458R,ACCGAAGGGAAGATATGGtctGCTGACGCCTTTTGATACT
47,TATAGGTGAACAATTTGCAgttGTTCAGCTGGGAACCATA,TAC477GTT,Y477V,TATGGTTCCCAGCTGAACaacTGCAAATTGTTCACCTATA
